<?xml version="1.0" encoding="UTF-8"?><Entities>
  <ExtensionPackages>
    <ExtensionPackage name="D3RangeGraph" description="A D3 chart with a time selector." vendor="ThingWorx Customer Service" packageVersion="1.0.546" minimumThingWorxVersion="4.1.0"/>
  </ExtensionPackages>
  <Widgets>
    <Widget name="D3RangeGraph">
      <UIResources>
        <FileResource type="CSS" file="D3RangeGraph.ide.css" description="" isDevelopment="true" isRuntime="false"/>
        <FileResource type="JS" file="D3RangeGraph.ide.js" description="" isDevelopment="true" isRuntime="false"/>
        <FileResource type="CSS" file="D3RangeGraph.runtime.css" description="" isDevelopment="false" isRuntime="true"/>
        <FileResource type="JS" file="d3-timeline.js" description="" isDevelopment="false" isRuntime="true"/>
        <FileResource type="JS" file="D3RangeGraph.runtime.js" description="" isDevelopment="false" isRuntime="true"/>
      </UIResources>
    </Widget>
  </Widgets>
</Entities>
